{"cameraMode":{"drawMode":0,"name":"Shaded","section":"Shading Mode"},"sceneLighting":true,"audioPlay":false,"sceneViewState":{"m_AlwaysRefresh":true,"showFog":true,"showSkybox":true,"showFlares":true,"showImageEffects":true,"showParticleSystems":true,"showVisualEffectGraphs":true,"m_FxEnabled":true},"in2DMode":false,"pivot":{"x":-0.09386581182479859,"y":1.2651702165603638,"z":-3.8436596393585207},"rotation":{"x":0.0008242329931817949,"y":-0.97344970703125,"z":0.22895313799381257,"w":0.003498645266517997},"size":1.2498269081115723,"orthographic":false}