{"cameraMode":{"drawMode":0,"name":"Shaded","section":"Shading Mode"},"sceneLighting":false,"audioPlay":false,"sceneViewState":{"m_AlwaysRefresh":false,"showFog":true,"showSkybox":false,"showFlares":true,"showImageEffects":true,"showParticleSystems":true,"showVisualEffectGraphs":true,"m_FxEnabled":true},"in2DMode":false,"pivot":{"x":-0.013197928667068482,"y":-0.5029741525650024,"z":0.42668068408966067},"rotation":{"x":-0.10908785462379456,"y":0.281627893447876,"z":-0.032245583832263949,"w":-0.9527614116668701},"size":0.9273770451545715,"orthographic":false}